latitude,longitude,severity,weather_condition,road_geometry,time_of_day,accident_reason
11.248049661706139,75.77288450270636,Minor,Clear,Straight,Evening,Random Event
11.249973336286407,75.76979762922294,Moderate,Clear,Curve,Night,Sharp Curves
11.264168331724834,75.78929606578153,Minor,Rain,Intersection,Evening,High Traffic
11.250153327749445,75.76409313918634,Moderate,Clear,Curve,Morning,Sharp Curves
11.249963095674874,75.76490672464436,Major,Clear,Curve,Night,Sharp Curves
11.261873878798614,75.78618184847497,Minor,Rain,Straight,Night,Random Event
11.27013668723828,75.80705300028112,Major,Rain,Intersection,Morning,Complex Intersection
11.251458810001745,75.76858904018576,Major,Rain,Curve,Night,Sharp Curves
11.250399798887186,75.76934414232385,Major,Clear,Curve,Night,Sharp Curves
11.265584373756381,75.79391613234006,Minor,Rain,Intersection,Afternoon,High Traffic
11.249794007096183,75.77096568264434,Major,Clear,Curve,Morning,Sharp Curves
11.270466910547938,75.79950298078265,Moderate,Clear,Intersection,Afternoon,Complex Intersection
11.27604850200024,75.80549531671647,Moderate,Clear,Intersection,Morning,Complex Intersection
11.27667607857709,75.80429238728267,Moderate,Clear,Intersection,Afternoon,Complex Intersection
11.270378885456234,75.80079519224985,Minor,Clear,Intersection,Morning,Random Event
11.26382204971636,75.78682094933382,Minor,Rain,Curve,Night,Random Event
11.27386597934994,75.80652134322013,Minor,Clear,Curve,Night,Random Event
11.26299568917671,75.78826667893651,Minor,Clear,Intersection,Night,High Traffic
11.248506023614274,75.7665608832708,Minor,Clear,Straight,Night,Random Event
11.251154968495927,75.77125393529825,Major,Clear,Curve,Night,Sharp Curves
11.272238936995059,75.80248041344016,Major,Clear,Intersection,Afternoon,Complex Intersection
11.270189484087549,75.80520096901907,Minor,Clear,Curve,Night,Random Event
11.251842594494624,75.76617737132018,Major,Clear,Curve,Afternoon,Sharp Curves
11.273299462007607,75.80520888849709,Major,Rain,Intersection,Night,Complex Intersection
11.261231266698548,75.79214181025078,Minor,Rain,Intersection,Evening,High Traffic
11.274694857863398,75.80517927875583,Moderate,Rain,Intersection,Morning,Complex Intersection
11.273523511644143,75.80619316617857,Moderate,Clear,Intersection,Morning,Complex Intersection
11.263498380907004,75.78596992466049,Minor,Clear,Intersection,Night,High Traffic
11.24843404596397,75.7668825419119,Moderate,Clear,Curve,Evening,Sharp Curves
11.272079697555371,75.80436578039195,Major,Clear,Intersection,Morning,Complex Intersection
11.262203868961967,75.78921316474425,Minor,Clear,Intersection,Night,High Traffic
11.260548766106481,75.79257310037964,Minor,Rain,Intersection,Night,High Traffic
11.26435069854544,75.79006701237472,Minor,Clear,Intersection,Morning,High Traffic
11.263138815308746,75.78880342201761,Minor,Clear,Intersection,Morning,High Traffic
11.261154222052397,75.78556070164035,Minor,Clear,Intersection,Night,High Traffic
11.273940904959598,75.80974244220663,Moderate,Clear,Intersection,Night,Complex Intersection
11.272921845336809,75.80527630202701,Moderate,Clear,Intersection,Afternoon,Complex Intersection
11.26026064500612,75.79240683969023,Minor,Clear,Intersection,Night,High Traffic
11.265321395706314,75.78905128715891,Minor,Clear,Intersection,Morning,High Traffic
11.270201854880584,75.80291168552992,Major,Clear,Intersection,Night,Complex Intersection
11.26030384973857,75.7893126339759,Minor,Clear,Intersection,Afternoon,High Traffic
11.257106900481283,75.79117946506183,Minor,Clear,Intersection,Morning,High Traffic
11.255777077781444,75.76931373134012,Major,Clear,Curve,Morning,Sharp Curves
11.261879655475914,75.79449839260471,Minor,Clear,Intersection,Morning,High Traffic
11.263454350936085,75.78995329326288,Minor,Clear,Intersection,Evening,High Traffic
11.261999570258617,75.78737667015498,Minor,Rain,Intersection,Morning,High Traffic
11.2474396324114,75.76920886793627,Major,Rain,Curve,Afternoon,Sharp Curves
11.262306043427301,75.79104641721383,Minor,Clear,Intersection,Night,High Traffic
11.25876096304867,75.78813992673622,Minor,Clear,Intersection,Morning,High Traffic
11.26422339758973,75.79012294963619,Minor,Rain,Intersection,Evening,High Traffic
11.26034255964081,75.78644215278416,Minor,Rain,Intersection,Evening,High Traffic
11.263085405283872,75.79012997468169,Minor,Clear,Intersection,Morning,High Traffic
11.249448728732908,75.76985529395944,Minor,Clear,Straight,Afternoon,Random Event
11.261742538167807,75.78523608149338,Minor,Rain,Intersection,Evening,High Traffic
11.260399834137445,75.79069441707816,Minor,Clear,Intersection,Evening,High Traffic
11.270253434418002,75.80534692837412,Major,Rain,Intersection,Morning,Complex Intersection
11.256964245645285,75.79010786353801,Minor,Clear,Curve,Afternoon,Random Event
11.245563808538932,75.76912165771732,Moderate,Clear,Curve,Evening,Sharp Curves
11.26374876631592,75.79091878974366,Minor,Clear,Intersection,Afternoon,High Traffic
11.274043058553785,75.80538063334431,Moderate,Rain,Intersection,Morning,Complex Intersection
11.262864180651768,75.78957091739701,Minor,Rain,Intersection,Morning,High Traffic
11.250500861184841,75.76700446419369,Moderate,Rain,Curve,Evening,Sharp Curves
11.261835714265917,75.78868297968259,Minor,Rain,Intersection,Afternoon,High Traffic
11.252281906614504,75.76632667134754,Minor,Clear,Intersection,Morning,Random Event
11.272860380441664,75.80561499759098,Minor,Rain,Intersection,Afternoon,Random Event
11.250098224282139,75.77112794039382,Minor,Clear,Curve,Afternoon,Random Event
11.249625042793927,75.77119718765645,Major,Rain,Curve,Morning,Sharp Curves
11.274112825098914,75.80710067756617,Major,Rain,Intersection,Afternoon,Complex Intersection
11.261787787190285,75.78771376015743,Minor,Rain,Intersection,Afternoon,Random Event
11.26369788148446,75.78821812700464,Minor,Clear,Intersection,Afternoon,High Traffic
11.250852472143798,75.77006412261358,Moderate,Clear,Curve,Morning,Sharp Curves
11.271044651570145,75.80571662083356,Major,Clear,Intersection,Morning,Complex Intersection
11.262399600376744,75.78773236598988,Minor,Clear,Intersection,Afternoon,Random Event
11.273845959893796,75.80496268693575,Major,Clear,Intersection,Night,Complex Intersection
11.259174060857346,75.78829732354643,Minor,Clear,Intersection,Evening,High Traffic
11.252249722881484,75.76529110234807,Major,Clear,Curve,Morning,Sharp Curves
11.26626347170015,75.79011549469209,Minor,Rain,Straight,Afternoon,Random Event
11.250538325985165,75.76726696625335,Minor,Clear,Straight,Afternoon,Random Event
11.273967065214295,75.80602086764324,Moderate,Clear,Intersection,Morning,Complex Intersection
11.24965663896239,75.76570109912629,Major,Rain,Curve,Evening,Sharp Curves
11.261791717565995,75.78565549638147,Minor,Clear,Intersection,Evening,High Traffic
11.271350078430553,75.80576508373572,Minor,Clear,Curve,Afternoon,Random Event
11.263488939863057,75.78776019791763,Minor,Clear,Intersection,Morning,High Traffic
11.2514106042836,75.76988148422201,Moderate,Rain,Curve,Evening,Sharp Curves
11.26237856263878,75.78872783355555,Minor,Clear,Intersection,Night,High Traffic
11.272612791748873,75.8038696644417,Major,Rain,Intersection,Morning,Complex Intersection
11.262297618537966,75.78734600577219,Minor,Clear,Intersection,Evening,High Traffic
11.259053659930366,75.7882779373585,Minor,Clear,Intersection,Night,High Traffic
11.252306683140025,75.76454556536603,Minor,Clear,Curve,Morning,Random Event
11.248462856570972,75.76973800570387,Moderate,Clear,Curve,Afternoon,Sharp Curves
11.259027270600733,75.7877817874927,Minor,Rain,Intersection,Evening,High Traffic
11.250116382179971,75.76969652565855,Moderate,Rain,Curve,Night,Sharp Curves
11.269773691528657,75.80418621212871,Moderate,Clear,Intersection,Night,Complex Intersection
11.273755185423203,75.80440940809838,Major,Clear,Intersection,Evening,Complex Intersection
11.269270856448559,75.80554653432996,Major,Clear,Intersection,Night,Complex Intersection
11.253950644891722,75.76602840348984,Major,Clear,Curve,Morning,Sharp Curves
11.262507011733076,75.7866544135941,Minor,Clear,Intersection,Afternoon,High Traffic
11.250134406870199,75.77080218456571,Major,Rain,Curve,Evening,Sharp Curves
11.25982498040201,75.79004213522732,Minor,Clear,Intersection,Afternoon,High Traffic
11.263410433479816,75.79084351805967,Minor,Clear,Intersection,Afternoon,High Traffic
11.271897091765704,75.80568937809137,Major,Rain,Intersection,Night,Complex Intersection
11.248486405029848,75.7686473324059,Major,Clear,Curve,Evening,Sharp Curves
11.250931985395473,75.77119059293665,Moderate,Rain,Curve,Night,Sharp Curves
11.27353096244975,75.80549219465071,Major,Rain,Intersection,Evening,Complex Intersection
11.251894288958558,75.77040008114581,Major,Clear,Curve,Morning,Sharp Curves
11.272840697873686,75.80781727987748,Major,Clear,Intersection,Morning,Complex Intersection
11.271815497124006,75.80568414957794,Major,Clear,Intersection,Morning,Complex Intersection
11.246218097453077,75.76994598875545,Moderate,Rain,Curve,Afternoon,Sharp Curves
11.250818455703177,75.77006207176399,Major,Rain,Curve,Morning,Sharp Curves
11.26504125715912,75.79009082269606,Minor,Rain,Intersection,Afternoon,Random Event
11.260098998196318,75.78944249153967,Minor,Rain,Intersection,Evening,High Traffic
11.2692339898412,75.80333243102146,Major,Rain,Intersection,Evening,Complex Intersection
11.274283494814641,75.80529014451847,Major,Clear,Intersection,Morning,Complex Intersection
11.251655043000024,75.76692266198305,Major,Rain,Curve,Evening,Sharp Curves
11.25331163765302,75.76867720861189,Minor,Clear,Intersection,Evening,Random Event
11.273512587512997,75.80497348982242,Moderate,Rain,Intersection,Afternoon,Complex Intersection
11.27212515505695,75.80163248393116,Major,Clear,Intersection,Morning,Complex Intersection
11.269471173009391,75.80401648688316,Major,Clear,Intersection,Morning,Complex Intersection
11.251118051849394,75.76874652817884,Moderate,Rain,Curve,Night,Sharp Curves
11.258820831671065,75.79214664528388,Minor,Clear,Intersection,Afternoon,High Traffic
11.248300318355044,75.77105814091753,Major,Clear,Curve,Afternoon,Sharp Curves
11.273931097203537,75.80337162866347,Moderate,Rain,Intersection,Night,Complex Intersection
11.251624040664435,75.76814085504473,Major,Rain,Curve,Afternoon,Sharp Curves
11.253154088024809,75.7689955469909,Major,Clear,Curve,Evening,Sharp Curves
11.27115588799872,75.80456436647084,Major,Clear,Intersection,Afternoon,Complex Intersection
11.250140319837277,75.76919838003987,Minor,Clear,Intersection,Evening,Random Event
11.27378530289059,75.80333087150201,Moderate,Clear,Intersection,Morning,Complex Intersection
11.250277919310772,75.7681240013429,Major,Clear,Curve,Night,Sharp Curves
11.250810801538238,75.77036354810149,Major,Clear,Curve,Afternoon,Sharp Curves
11.262934784147587,75.78690557659878,Minor,Clear,Intersection,Morning,High Traffic
11.259007477713478,75.78875716878133,Minor,Clear,Intersection,Morning,High Traffic
11.263408689131754,75.79432108226314,Minor,Clear,Intersection,Night,High Traffic
11.261796478236782,75.79144403606736,Minor,Clear,Intersection,Afternoon,High Traffic
11.271614523554257,75.80295771552531,Moderate,Rain,Intersection,Evening,Complex Intersection
11.245308315729696,75.76924133925293,Major,Clear,Curve,Evening,Sharp Curves
11.263175991524081,75.78781413676245,Minor,Clear,Intersection,Afternoon,High Traffic
11.260706948035235,75.78905943370671,Minor,Clear,Intersection,Afternoon,High Traffic
11.26887465119029,75.80509032114944,Major,Clear,Intersection,Morning,Complex Intersection
11.251510313547623,75.77008495998376,Minor,Clear,Intersection,Evening,Random Event
11.27197205177137,75.80363123838868,Major,Clear,Intersection,Afternoon,Complex Intersection
11.274417964351288,75.80498771218573,Moderate,Clear,Intersection,Night,Complex Intersection
11.25128785430212,75.76617460210639,Minor,Clear,Straight,Afternoon,Random Event
11.261777332423453,75.78809803317561,Minor,Clear,Intersection,Night,Random Event
11.248606223086151,75.76843074717627,Major,Clear,Curve,Night,Sharp Curves
11.270661407995686,75.80698876938864,Major,Rain,Intersection,Afternoon,Complex Intersection
11.271032340216445,75.8052503740226,Minor,Rain,Intersection,Morning,Random Event
11.25051527993775,75.76907072214084,Moderate,Rain,Curve,Night,Sharp Curves
11.257685964363723,75.79066746577907,Minor,Clear,Intersection,Night,Random Event
11.26390457365374,75.79020260306632,Minor,Rain,Intersection,Evening,High Traffic
11.261149228118343,75.78737092866972,Minor,Clear,Intersection,Night,High Traffic
11.250644269235098,75.76663678281002,Major,Rain,Curve,Night,Sharp Curves
11.248758143317056,75.76852854591479,Moderate,Clear,Curve,Afternoon,Sharp Curves
11.252911232299885,75.77341585559677,Moderate,Clear,Curve,Afternoon,Sharp Curves
11.247323512814555,75.77067305230521,Minor,Clear,Intersection,Evening,Random Event
11.251793068142941,75.76966295852479,Moderate,Clear,Curve,Afternoon,Sharp Curves
11.26342902470829,75.78891168375195,Minor,Clear,Intersection,Night,High Traffic
11.259143802578816,75.79076051643278,Minor,Clear,Intersection,Evening,High Traffic
11.25050183442613,75.76529688705565,Major,Clear,Curve,Night,Sharp Curves
11.272160930405096,75.80153627248758,Major,Clear,Intersection,Afternoon,Complex Intersection
11.262502679685332,75.78661862799011,Minor,Clear,Intersection,Morning,High Traffic
11.259067455502159,75.78910570551261,Minor,Clear,Intersection,Morning,High Traffic
11.24819331074159,75.76622933979249,Moderate,Rain,Curve,Afternoon,Sharp Curves
11.25277449449339,75.77017268749765,Major,Clear,Curve,Morning,Sharp Curves
11.26399791818175,75.78757157143023,Minor,Clear,Straight,Afternoon,Random Event
11.248354890083585,75.76658232778591,Moderate,Clear,Curve,Night,Sharp Curves
11.253177081263663,75.76730981980687,Major,Rain,Curve,Evening,Sharp Curves
11.267675139845274,75.80501398776316,Major,Rain,Intersection,Evening,Complex Intersection
11.264769230305125,75.78804193506991,Minor,Clear,Intersection,Afternoon,High Traffic
11.249012788255035,75.76999319447441,Major,Clear,Curve,Afternoon,Sharp Curves
11.260524611109899,75.78728071928981,Minor,Clear,Intersection,Morning,High Traffic
11.272594426489697,75.80547027907811,Major,Clear,Intersection,Afternoon,Complex Intersection
11.271414014009485,75.80668054261746,Major,Clear,Intersection,Afternoon,Complex Intersection
11.252032712678684,75.76866867664465,Minor,Clear,Intersection,Afternoon,Random Event
11.272808128237891,75.80395124453801,Minor,Rain,Intersection,Morning,Random Event
11.261535441573871,75.78960991324642,Minor,Rain,Intersection,Evening,High Traffic
11.252329123002962,75.76775217787443,Moderate,Clear,Curve,Night,Sharp Curves
11.25261120338403,75.76808186520036,Moderate,Clear,Curve,Night,Sharp Curves
11.259289933952466,75.78736680433454,Minor,Clear,Intersection,Night,High Traffic
11.262981921163698,75.79117008877209,Minor,Rain,Intersection,Night,Random Event
11.272351173043104,75.80395103719692,Moderate,Clear,Intersection,Morning,Complex Intersection
11.248649284846518,75.76817957079258,Moderate,Rain,Curve,Afternoon,Sharp Curves
11.270378573281796,75.80329926838608,Major,Clear,Intersection,Afternoon,Complex Intersection
11.2732933037154,75.8029351655145,Major,Rain,Intersection,Evening,Complex Intersection
11.249590870382837,75.77026944015574,Major,Rain,Curve,Morning,Sharp Curves
11.253990867168394,75.76814903795602,Minor,Clear,Intersection,Afternoon,Random Event
11.263239227329697,75.78977250072116,Minor,Clear,Curve,Night,Random Event
11.253917038248057,75.76938697292663,Minor,Clear,Curve,Night,Random Event
11.26922971191408,75.80804213533513,Minor,Rain,Intersection,Afternoon,Random Event
11.275973929561392,75.80373552592944,Minor,Clear,Straight,Evening,Random Event
11.268195057554308,75.80128449275195,Major,Clear,Intersection,Evening,Complex Intersection
11.261148717354141,75.78360240301433,Minor,Rain,Intersection,Afternoon,High Traffic
11.261262200444765,75.79107765652279,Minor,Rain,Intersection,Afternoon,High Traffic
11.263289061253909,75.78523886337791,Minor,Clear,Intersection,Morning,High Traffic
11.272623372296868,75.80598036621788,Major,Rain,Intersection,Night,Complex Intersection
11.250335961833498,75.76815214411782,Major,Clear,Curve,Afternoon,Sharp Curves
11.250273728599232,75.76855535967795,Minor,Clear,Curve,Night,Random Event
11.273110576957494,75.80403181593229,Minor,Clear,Curve,Afternoon,Random Event
11.27173210687281,75.80534196242809,Minor,Clear,Straight,Night,Random Event
11.252720797109152,75.77163706257241,Moderate,Clear,Curve,Evening,Sharp Curves
11.273707153857458,75.80446726002762,Major,Rain,Intersection,Night,Complex Intersection
11.248470802877733,75.77334331198351,Major,Rain,Curve,Evening,Sharp Curves
11.268561763693098,75.80500316146855,Major,Clear,Intersection,Evening,Complex Intersection
11.253697957385963,75.76915819220262,Moderate,Clear,Curve,Morning,Sharp Curves
11.27275666278727,75.80374283727531,Major,Rain,Intersection,Evening,Complex Intersection
11.248895535311783,75.76721847642857,Moderate,Rain,Curve,Night,Sharp Curves
11.245647113829406,75.77075530558473,Minor,Clear,Curve,Morning,Random Event
11.262335476402114,75.78995775848436,Minor,Rain,Intersection,Morning,High Traffic
11.253021443819186,75.7693892620699,Moderate,Rain,Curve,Evening,Sharp Curves
11.251246188741623,75.7696626646964,Moderate,Clear,Curve,Afternoon,Sharp Curves
11.24937828695582,75.770710449266,Moderate,Clear,Curve,Night,Sharp Curves
11.270956370550074,75.80671886198873,Moderate,Clear,Intersection,Night,Complex Intersection
11.248209398182457,75.77040690992267,Moderate,Clear,Curve,Morning,Sharp Curves
11.27536000309872,75.80578707444752,Major,Rain,Intersection,Evening,Complex Intersection
11.25245008780055,75.76830460867447,Moderate,Clear,Curve,Morning,Sharp Curves
11.261513826525087,75.78541238199783,Minor,Clear,Intersection,Afternoon,High Traffic
11.263162309587262,75.79099342948759,Minor,Clear,Intersection,Night,High Traffic
11.274438559307601,75.80025281639217,Major,Clear,Intersection,Morning,Complex Intersection
11.252863148359273,75.76887782464658,Minor,Clear,Straight,Afternoon,Random Event
11.250967410925915,75.76984906540325,Moderate,Clear,Curve,Morning,Sharp Curves
11.272502777305794,75.80684864626593,Minor,Clear,Straight,Morning,Random Event
11.26492426307978,75.78929811996775,Minor,Rain,Intersection,Evening,High Traffic
11.251632264765364,75.76749492358115,Moderate,Clear,Curve,Night,Sharp Curves
11.263930234375973,75.78805988147467,Minor,Clear,Intersection,Morning,High Traffic
11.25143718309935,75.76809426441115,Moderate,Clear,Curve,Afternoon,Sharp Curves
11.253953154553301,75.76980601677941,Moderate,Clear,Curve,Evening,Sharp Curves
11.271066311577343,75.8057559655228,Major,Clear,Intersection,Night,Complex Intersection
11.262724003763994,75.79194975967766,Minor,Rain,Intersection,Night,High Traffic
11.252649634651618,75.76854266156302,Minor,Clear,Curve,Morning,Random Event
11.274541607383318,75.8066935333013,Major,Clear,Intersection,Morning,Complex Intersection
11.24919125942713,75.77070499108078,Minor,Clear,Curve,Night,Random Event
11.25944171824762,75.78589210981954,Minor,Clear,Intersection,Afternoon,High Traffic
11.26055856350202,75.78834831032253,Minor,Clear,Intersection,Morning,High Traffic
11.263703686321742,75.78948278079197,Minor,Rain,Intersection,Night,High Traffic
11.249624240307522,75.7709440414834,Moderate,Rain,Curve,Afternoon,Sharp Curves
11.250109947074062,75.77163559171045,Minor,Clear,Curve,Evening,Random Event
11.252478085866947,75.7648976992953,Minor,Clear,Intersection,Night,Random Event
11.270219098094278,75.80580508939559,Major,Rain,Intersection,Night,Complex Intersection
11.248986601320853,75.76609574845799,Minor,Clear,Intersection,Morning,Random Event
11.262127361862436,75.78898399824637,Minor,Clear,Curve,Afternoon,Random Event
11.249991173667855,75.76643496139536,Major,Rain,Curve,Night,Sharp Curves
11.259443553790287,75.7898152987453,Minor,Clear,Intersection,Morning,High Traffic
11.248062936299059,75.77038528683327,Moderate,Clear,Curve,Evening,Sharp Curves
11.270799380104899,75.80476236613389,Minor,Clear,Curve,Morning,Random Event
11.272104048187675,75.80781846415586,Major,Clear,Intersection,Afternoon,Complex Intersection
11.262688435805604,75.79255164598726,Minor,Clear,Curve,Afternoon,Random Event
11.260791287494916,75.79148455216793,Minor,Clear,Intersection,Afternoon,High Traffic
11.263920049157294,75.78987658348231,Minor,Rain,Intersection,Afternoon,High Traffic
11.261347719055752,75.7905756950696,Minor,Clear,Intersection,Evening,High Traffic
11.269941205950941,75.80611985331073,Major,Clear,Intersection,Afternoon,Complex Intersection
11.263856832708308,75.79276255962397,Minor,Clear,Intersection,Evening,High Traffic
11.260256703007325,75.78660908977402,Minor,Clear,Intersection,Night,High Traffic
11.2590681045675,75.7882802553049,Minor,Rain,Intersection,Morning,High Traffic
11.27077377390081,75.80458329364124,Major,Rain,Intersection,Afternoon,Complex Intersection
11.260666297490852,75.7887964588492,Minor,Rain,Intersection,Afternoon,High Traffic
11.263154030809659,75.79141229432236,Minor,Rain,Intersection,Evening,High Traffic
11.261209862852068,75.78658271063648,Minor,Rain,Straight,Night,Random Event
11.251677462123347,75.76992600390028,Minor,Clear,Curve,Evening,Random Event
11.254453131844247,75.76668143299156,Major,Rain,Curve,Morning,Sharp Curves
11.264883657666838,75.79025712158473,Minor,Rain,Intersection,Night,High Traffic
11.249464486865616,75.7671758816255,Minor,Clear,Straight,Night,Random Event
11.271035708393956,75.80542138657637,Major,Clear,Intersection,Evening,Complex Intersection
11.25947975543385,75.79034574126906,Minor,Clear,Intersection,Morning,High Traffic
11.251463954399027,75.76983806850694,Major,Clear,Curve,Night,Sharp Curves
11.262131603091868,75.78998430088512,Minor,Clear,Intersection,Morning,High Traffic
11.272303820287917,75.80516297695769,Major,Rain,Intersection,Night,Complex Intersection
11.252645215748483,75.7695732951712,Moderate,Rain,Curve,Night,Sharp Curves
11.251248923134161,75.76656738569761,Major,Rain,Curve,Morning,Sharp Curves
11.27744824970387,75.80754411569072,Major,Clear,Intersection,Night,Complex Intersection
11.248847575126208,75.76935764099305,Minor,Clear,Curve,Morning,Random Event
11.26244070679544,75.78802547690012,Minor,Rain,Intersection,Evening,High Traffic
11.269286527829527,75.80755518485233,Major,Clear,Intersection,Afternoon,Complex Intersection
11.276336789614565,75.804935795393,Moderate,Clear,Intersection,Afternoon,Complex Intersection
11.24757238811349,75.77179900038635,Moderate,Clear,Curve,Evening,Sharp Curves
11.249289732945714,75.76608273071798,Minor,Clear,Straight,Evening,Random Event
11.252012835728872,75.76930356816229,Moderate,Clear,Curve,Morning,Sharp Curves
11.26555662206121,75.78779539597654,Minor,Clear,Straight,Night,Random Event
11.273045521477178,75.80398541713993,Major,Clear,Intersection,Evening,Complex Intersection
11.252659938042909,75.77148113533953,Moderate,Clear,Curve,Afternoon,Sharp Curves
11.264758106033893,75.7899803069468,Minor,Clear,Intersection,Morning,High Traffic
11.264920362159376,75.79290448077056,Minor,Clear,Intersection,Morning,High Traffic
11.249501447153243,75.77183842291899,Major,Rain,Curve,Night,Sharp Curves
11.266312216837335,75.78931258935602,Minor,Rain,Intersection,Afternoon,High Traffic
11.247656702716904,75.77090837558579,Major,Clear,Curve,Night,Sharp Curves
11.262471658605454,75.78438250875807,Minor,Clear,Intersection,Afternoon,High Traffic
11.261286202617235,75.78865845828675,Minor,Rain,Intersection,Evening,High Traffic
11.260425060611677,75.78807992522626,Minor,Clear,Intersection,Evening,High Traffic
11.264461857496913,75.78750724667904,Minor,Clear,Intersection,Night,High Traffic
11.271577099376396,75.80524241591351,Moderate,Clear,Intersection,Night,Complex Intersection
11.261174529678128,75.78815763694026,Minor,Rain,Intersection,Morning,High Traffic
11.263272526902874,75.7935963921276,Minor,Clear,Intersection,Morning,High Traffic
11.263763818356912,75.78980318502157,Minor,Clear,Intersection,Night,High Traffic
11.26211390505883,75.79209847272499,Minor,Rain,Intersection,Morning,High Traffic
11.248669904041696,75.7718828092017,Major,Rain,Curve,Night,Sharp Curves
11.25936885335133,75.78893477079683,Minor,Clear,Intersection,Night,High Traffic
11.26420291620661,75.78856360691874,Minor,Clear,Intersection,Evening,High Traffic
11.248146673177425,75.76659261813356,Major,Clear,Curve,Night,Sharp Curves
11.2598718248248,75.78977490640128,Minor,Clear,Intersection,Afternoon,High Traffic
11.250023570307805,75.76911803201925,Moderate,Clear,Curve,Night,Sharp Curves
11.263330504838809,75.7871915181515,Minor,Clear,Intersection,Evening,High Traffic
11.250670936188598,75.77182527134208,Moderate,Rain,Curve,Afternoon,Sharp Curves
11.271774546933155,75.80672784932538,Moderate,Clear,Intersection,Afternoon,Complex Intersection
11.249191135689747,75.76447015924371,Moderate,Clear,Curve,Night,Sharp Curves
11.246529460736081,75.76775810361711,Major,Clear,Curve,Night,Sharp Curves
11.268244665467254,75.80640936937567,Minor,Clear,Straight,Evening,Random Event
11.251279048295453,75.76987640140511,Moderate,Clear,Curve,Night,Sharp Curves
11.260454212217471,75.78996183827233,Minor,Rain,Curve,Afternoon,Random Event
11.263191785809122,75.78778080427345,Minor,Clear,Intersection,Night,High Traffic
11.263945279128425,75.78648555701972,Minor,Rain,Intersection,Morning,High Traffic
11.24689969402377,75.76829631835112,Major,Rain,Curve,Night,Sharp Curves
11.271913744554226,75.80355451664539,Major,Rain,Intersection,Night,Complex Intersection
11.26346871947539,75.78996064908364,Minor,Rain,Straight,Night,Random Event
11.271076849164253,75.8094076744999,Moderate,Clear,Intersection,Afternoon,Complex Intersection
11.274627078198101,75.80426906014607,Moderate,Clear,Intersection,Morning,Complex Intersection
11.27397719412848,75.80442340506882,Moderate,Rain,Intersection,Afternoon,Complex Intersection
11.27170826629931,75.80659795545087,Major,Rain,Intersection,Afternoon,Complex Intersection
11.247978441273887,75.76974252688001,Major,Clear,Curve,Morning,Sharp Curves
11.250279257730007,75.7697658779344,Moderate,Rain,Curve,Evening,Sharp Curves
11.262522554711223,75.78769095759108,Minor,Clear,Intersection,Morning,High Traffic
11.263872399070532,75.78726823010386,Minor,Rain,Intersection,Morning,High Traffic
11.249674340187514,75.77044448531719,Major,Clear,Curve,Night,Sharp Curves
11.250139660631561,75.76736312689987,Moderate,Clear,Curve,Night,Sharp Curves
11.259918084645365,75.79146797910374,Minor,Clear,Intersection,Afternoon,High Traffic
11.262085633575955,75.79164368779959,Minor,Clear,Intersection,Evening,High Traffic
11.250173165418145,75.77096288179708,Major,Rain,Curve,Night,Sharp Curves
11.25976501171284,75.78894827181405,Minor,Clear,Intersection,Afternoon,High Traffic
11.262943110331976,75.78873859010814,Minor,Clear,Intersection,Afternoon,High Traffic
11.251142735505736,75.77078594534672,Minor,Clear,Straight,Evening,Random Event
11.258463628409151,75.78750594151353,Minor,Clear,Intersection,Morning,High Traffic
11.273574102181088,75.80571549449738,Minor,Clear,Intersection,Morning,Random Event
11.250338085635239,75.76559427981506,Moderate,Clear,Curve,Morning,Sharp Curves
11.269644703419935,75.8057899445454,Major,Clear,Intersection,Morning,Complex Intersection
11.262461857011779,75.78951342746998,Minor,Rain,Intersection,Morning,High Traffic
11.261787252275143,75.79319036084037,Minor,Clear,Intersection,Afternoon,High Traffic
11.2615985666362,75.78767083832822,Minor,Rain,Intersection,Afternoon,High Traffic
11.27273801201537,75.80683095906664,Moderate,Rain,Intersection,Evening,Complex Intersection
11.25377744220659,75.76858824639268,Minor,Clear,Intersection,Morning,Random Event
11.262003484507098,75.78983246420893,Minor,Clear,Curve,Afternoon,Random Event
11.273872917763464,75.80510321401206,Major,Clear,Intersection,Morning,Complex Intersection
11.273922023243994,75.80764847487404,Minor,Clear,Intersection,Evening,Random Event
11.27306709306621,75.80447803943579,Major,Clear,Intersection,Evening,Complex Intersection
11.260636163775116,75.78811606969876,Minor,Rain,Curve,Night,Random Event
11.26223642131919,75.78787461599778,Minor,Clear,Intersection,Morning,High Traffic
11.253078126903402,75.76804313528967,Moderate,Clear,Curve,Afternoon,Sharp Curves
11.261162855047077,75.78996395731116,Minor,Rain,Intersection,Morning,High Traffic
11.271095975261794,75.80398219630024,Minor,Rain,Straight,Afternoon,Random Event
11.250719536911456,75.76816950897692,Moderate,Clear,Curve,Evening,Sharp Curves
11.252583382559541,75.76693640115036,Moderate,Rain,Curve,Night,Sharp Curves
11.251313176448788,75.76535994706366,Minor,Clear,Straight,Night,Random Event
11.250674417117098,75.76763413303492,Minor,Clear,Intersection,Morning,Random Event
11.260069720423017,75.78975651003465,Minor,Clear,Intersection,Morning,High Traffic
11.264954140431179,75.7903610570385,Minor,Clear,Intersection,Evening,High Traffic
11.271687151776604,75.80550581588248,Major,Rain,Intersection,Morning,Complex Intersection
11.262135390664895,75.7888726634989,Minor,Rain,Intersection,Night,Random Event
11.252856433423059,75.77114566208557,Major,Rain,Curve,Morning,Sharp Curves
11.249503067767067,75.76941006533036,Major,Rain,Curve,Afternoon,Sharp Curves
11.261373614696394,75.78693051922811,Minor,Rain,Curve,Afternoon,Random Event
11.262425855531497,75.7881563683539,Minor,Clear,Intersection,Afternoon,High Traffic
11.273158434758358,75.80202537072243,Moderate,Rain,Intersection,Morning,Complex Intersection
11.247533867648935,75.77285873669418,Moderate,Clear,Curve,Morning,Sharp Curves
11.270987784297946,75.80451594149757,Moderate,Clear,Intersection,Afternoon,Complex Intersection
11.259850200657075,75.78899148074048,Minor,Clear,Intersection,Night,High Traffic
11.273799579162215,75.80306014023608,Moderate,Clear,Intersection,Evening,Complex Intersection
11.273409688295976,75.80626283878146,Major,Clear,Intersection,Morning,Complex Intersection
11.256930799331037,75.78826568572266,Minor,Clear,Intersection,Evening,High Traffic
11.270877545031945,75.8036588964058,Major,Rain,Intersection,Afternoon,Complex Intersection
11.24781084740552,75.76434641821581,Minor,Clear,Straight,Evening,Random Event
11.259260515533326,75.78854507935229,Minor,Clear,Intersection,Evening,High Traffic
11.24732971736351,75.76891981631776,Moderate,Clear,Curve,Night,Sharp Curves
11.252014555136954,75.77087444484243,Moderate,Rain,Curve,Morning,Sharp Curves
11.274606508001348,75.80470801673144,Moderate,Rain,Intersection,Afternoon,Complex Intersection
11.264021737826273,75.79258050407823,Minor,Clear,Intersection,Afternoon,High Traffic
11.269634635484064,75.80881536337,Minor,Clear,Straight,Afternoon,Random Event
11.272847725763903,75.80646731765508,Moderate,Clear,Intersection,Evening,Complex Intersection
11.27627641528979,75.80630049216033,Minor,Clear,Straight,Morning,Random Event
11.270571517178867,75.8090736767494,Minor,Clear,Intersection,Morning,Random Event
11.261055071757431,75.7914708960876,Minor,Rain,Intersection,Morning,High Traffic
11.263005831748695,75.79278731475863,Minor,Rain,Intersection,Afternoon,High Traffic
11.251245731923083,75.7655344688067,Major,Clear,Curve,Evening,Sharp Curves
11.273253004360878,75.80382519061939,Moderate,Clear,Intersection,Evening,Complex Intersection
11.251686817050777,75.76578416376402,Major,Rain,Curve,Evening,Sharp Curves
11.27115623972929,75.80531610942874,Moderate,Clear,Intersection,Evening,Complex Intersection
11.271482998409732,75.80785323777765,Minor,Clear,Straight,Afternoon,Random Event
11.275317562891919,75.80311547689125,Moderate,Clear,Intersection,Afternoon,Complex Intersection
11.27205414092723,75.80817340352075,Minor,Rain,Curve,Evening,Random Event
11.248926248793587,75.76647359151602,Minor,Clear,Straight,Night,Random Event
11.272291246847967,75.80531893122895,Minor,Clear,Curve,Morning,Random Event
11.272534052254382,75.80582855801653,Major,Rain,Intersection,Evening,Complex Intersection
11.262298111474443,75.78977974289631,Minor,Clear,Intersection,Morning,High Traffic
11.257197797141806,75.79245217304901,Minor,Clear,Intersection,Evening,High Traffic
11.260269925483378,75.79040498198322,Minor,Clear,Intersection,Morning,High Traffic
11.263873907681061,75.78816430170419,Minor,Rain,Intersection,Morning,High Traffic
11.250990524033293,75.76708673160587,Major,Clear,Curve,Night,Sharp Curves
11.262025832598704,75.78987210539782,Minor,Clear,Intersection,Evening,High Traffic
11.254049449400043,75.76781622010341,Moderate,Clear,Curve,Night,Sharp Curves
11.270741827619242,75.80544250843886,Minor,Rain,Curve,Afternoon,Random Event
11.271696029411954,75.80320539348845,Moderate,Clear,Intersection,Evening,Complex Intersection
11.24638266661529,75.76303670195315,Minor,Clear,Intersection,Night,Random Event
11.270323315571712,75.80669009168278,Major,Clear,Intersection,Morning,Complex Intersection
11.271417193116651,75.80614213446081,Moderate,Rain,Intersection,Night,Complex Intersection
11.262875129882957,75.78998934178588,Minor,Clear,Intersection,Evening,High Traffic
11.263235975103889,75.7902597088225,Minor,Clear,Intersection,Night,High Traffic
11.27232935948955,75.80143454355584,Moderate,Rain,Intersection,Evening,Complex Intersection
11.250812668402892,75.7693003688494,Major,Rain,Curve,Night,Sharp Curves
11.261689262350412,75.78782422109064,Minor,Rain,Intersection,Afternoon,High Traffic
11.251059646606551,75.770309323411,Moderate,Clear,Curve,Afternoon,Sharp Curves
11.250810163041217,75.7693266013903,Minor,Clear,Curve,Evening,Random Event
11.270782583153935,75.80387307238328,Major,Clear,Intersection,Afternoon,Complex Intersection
11.271401946087943,75.80632249513982,Major,Clear,Intersection,Evening,Complex Intersection
11.261068973567111,75.78828234547008,Minor,Clear,Intersection,Evening,High Traffic
11.27232044120768,75.80681003206332,Moderate,Clear,Intersection,Night,Complex Intersection
11.251185982601623,75.7692127971735,Major,Rain,Curve,Morning,Sharp Curves
11.271932946346213,75.80434896786885,Moderate,Clear,Intersection,Evening,Complex Intersection
11.261829170116068,75.7874610981648,Minor,Clear,Intersection,Night,High Traffic
11.261217237610545,75.79040986920417,Minor,Rain,Straight,Night,Random Event
11.251700386908867,75.77053017939016,Minor,Clear,Straight,Afternoon,Random Event
11.24971321238801,75.76595487560543,Major,Clear,Curve,Afternoon,Sharp Curves
11.276820082217286,75.80300508683669,Moderate,Clear,Intersection,Night,Complex Intersection
11.260037861723383,75.79069078142595,Minor,Clear,Curve,Night,Random Event
11.251124877951542,75.76848973325751,Minor,Clear,Straight,Night,Random Event
11.261805592363613,75.79094668399625,Minor,Rain,Intersection,Afternoon,High Traffic
11.270597669998558,75.80605068877163,Major,Clear,Intersection,Afternoon,Complex Intersection
11.253980075029704,75.76728614212377,Major,Clear,Curve,Night,Sharp Curves
11.25286163318107,75.76986122090614,Major,Clear,Curve,Evening,Sharp Curves
11.24993164251997,75.7686232484587,Minor,Clear,Curve,Afternoon,Random Event
11.272428723151796,75.80370870505374,Minor,Rain,Intersection,Night,Random Event
11.263272218528819,75.78697012925032,Minor,Clear,Intersection,Afternoon,High Traffic
11.248824950917525,75.77138146750087,Minor,Clear,Intersection,Evening,Random Event
11.258258834848187,75.78904700114447,Minor,Clear,Intersection,Morning,High Traffic
11.250693469302995,75.76826672980212,Minor,Clear,Curve,Afternoon,Random Event
11.246702196629546,75.76741821167008,Minor,Clear,Intersection,Evening,Random Event
11.25171086853718,75.76657235967305,Moderate,Rain,Curve,Night,Sharp Curves
11.2660680241098,75.7880417433063,Minor,Clear,Intersection,Evening,High Traffic
11.257793228155958,75.78804551993468,Minor,Clear,Intersection,Night,High Traffic
11.261439070397286,75.78792004751429,Minor,Rain,Intersection,Night,High Traffic
11.272135380315238,75.80246026079193,Moderate,Clear,Intersection,Morning,Complex Intersection
11.263724044310813,75.79063111688178,Minor,Clear,Intersection,Afternoon,High Traffic
11.274922123680131,75.80119159760528,Moderate,Rain,Intersection,Morning,Complex Intersection
11.261451281596997,75.78882143952588,Minor,Rain,Intersection,Morning,High Traffic
11.251851911054347,75.77035670723387,Major,Clear,Curve,Morning,Sharp Curves
11.26322912579571,75.78697458069452,Minor,Clear,Intersection,Morning,High Traffic
11.249867978515098,75.76747877399539,Major,Clear,Curve,Night,Sharp Curves
11.260195565517318,75.79002963090835,Minor,Clear,Intersection,Morning,High Traffic
11.25526852277605,75.76786168877403,Major,Clear,Curve,Night,Sharp Curves
11.252506896421057,75.765940669052,Minor,Clear,Intersection,Afternoon,Random Event
11.262762622737421,75.78895327540893,Minor,Rain,Intersection,Night,High Traffic
11.273629819737153,75.80284767347285,Moderate,Clear,Intersection,Morning,Complex Intersection
11.248294836679586,75.77408869088569,Major,Rain,Curve,Night,Sharp Curves
11.248726627759932,75.76522013983377,Minor,Clear,Straight,Night,Random Event
11.273218678022122,75.80472694214815,Major,Rain,Intersection,Night,Complex Intersection
11.270428009675053,75.80810102570128,Major,Clear,Intersection,Night,Complex Intersection
11.247171286012492,75.7675262356112,Minor,Clear,Straight,Afternoon,Random Event
11.274241233350368,75.80070754073809,Minor,Clear,Curve,Evening,Random Event
11.25223388528057,75.76549539451564,Moderate,Clear,Curve,Night,Sharp Curves
11.269835783809139,75.80311092705124,Major,Clear,Intersection,Afternoon,Complex Intersection
11.262556099655768,75.788917566497,Minor,Clear,Intersection,Evening,High Traffic
11.262014020437388,75.78634220137526,Minor,Rain,Intersection,Evening,High Traffic
11.262957934678717,75.78798313977804,Minor,Clear,Intersection,Morning,High Traffic
11.270989488628082,75.80723392783328,Moderate,Clear,Intersection,Morning,Complex Intersection
11.250882767157073,75.76477567447893,Moderate,Rain,Curve,Night,Sharp Curves
11.273709037580701,75.8033688473936,Moderate,Clear,Intersection,Evening,Complex Intersection
11.255820999885037,75.79001431400945,Minor,Clear,Intersection,Night,Random Event
11.273359442680079,75.80435045429549,Moderate,Rain,Intersection,Night,Complex Intersection
11.270605560573824,75.80126865649167,Minor,Clear,Curve,Afternoon,Random Event
11.272472520103063,75.806093818696,Moderate,Clear,Intersection,Evening,Complex Intersection
11.271025480617528,75.8044059025516,Major,Clear,Intersection,Evening,Complex Intersection
11.250776315149674,75.76856400336635,Minor,Clear,Intersection,Afternoon,Random Event
11.251215428164926,75.77240557426502,Minor,Clear,Straight,Morning,Random Event
11.261997943105303,75.79059599670423,Minor,Clear,Curve,Night,Random Event
11.248848811414154,75.76915785950891,Moderate,Clear,Curve,Night,Sharp Curves
11.276660484491297,75.80486786073355,Moderate,Rain,Intersection,Afternoon,Complex Intersection
11.26064900161977,75.78869913282563,Minor,Clear,Intersection,Morning,High Traffic
11.264426269891755,75.78548691654724,Minor,Rain,Intersection,Evening,High Traffic
11.263617972672254,75.78953438334487,Minor,Clear,Intersection,Morning,High Traffic
11.269133361936186,75.81023537061664,Major,Rain,Intersection,Evening,Complex Intersection
11.270391073175759,75.80823286466547,Moderate,Clear,Intersection,Night,Complex Intersection
11.251615103857867,75.77092937913898,Major,Rain,Curve,Afternoon,Sharp Curves
11.26535258946662,75.79245777284207,Minor,Clear,Intersection,Night,High Traffic
11.262256569191964,75.7854630164043,Minor,Clear,Intersection,Morning,High Traffic
11.271726281140158,75.80032320992399,Minor,Rain,Intersection,Evening,Random Event
11.250604866332768,75.7677876350436,Major,Rain,Curve,Evening,Sharp Curves
11.258988250393232,75.79213847741825,Minor,Clear,Intersection,Evening,High Traffic
11.250799045964817,75.77027836462494,Minor,Clear,Intersection,Night,Random Event
11.271678004014754,75.80345041772405,Major,Clear,Intersection,Evening,Complex Intersection
11.271217140178818,75.80215651194014,Minor,Rain,Intersection,Evening,Random Event
11.258392093740152,75.78933861749526,Minor,Clear,Intersection,Night,High Traffic
11.269707674630354,75.80415616010336,Major,Rain,Intersection,Evening,Complex Intersection
11.262583491581813,75.78964523083627,Minor,Clear,Intersection,Night,High Traffic
11.269383926539339,75.80570018828594,Major,Rain,Intersection,Evening,Complex Intersection
11.251293542193821,75.76594536674834,Major,Clear,Curve,Evening,Sharp Curves
11.245469962135775,75.7651945756938,Major,Clear,Curve,Night,Sharp Curves
11.270654749966388,75.8025902306008,Major,Rain,Intersection,Night,Complex Intersection
11.259656857711697,75.79026204113686,Minor,Rain,Intersection,Afternoon,High Traffic
11.272966933400683,75.8066518644486,Moderate,Rain,Intersection,Night,Complex Intersection
11.262309144006087,75.78704073479494,Minor,Rain,Intersection,Evening,High Traffic
11.258826298005115,75.78656542652844,Minor,Clear,Intersection,Morning,High Traffic
11.27385108985294,75.80645352333966,Major,Clear,Intersection,Morning,Complex Intersection
11.26263052285738,75.78918346974702,Minor,Rain,Intersection,Morning,High Traffic
11.249191463608952,75.76861346223743,Minor,Clear,Straight,Morning,Random Event
11.263030378846057,75.78559583228197,Minor,Clear,Intersection,Afternoon,High Traffic
11.263848632370916,75.78816314444019,Minor,Clear,Intersection,Afternoon,High Traffic
